Nombre,Telefono,Direccion,Email,NIT
Proveedor Tecnologico 1,3383540828,Calle 1 # 23-5,proveedor1@correo.com,0739978138
Proveedor Tecnologico 2,3711351911,Calle 2 # 11-45,proveedor2@correo.com,5166069081
Proveedor Tecnologico 3,3105527338,Calle 3 # 26-30,proveedor3@correo.com,6090609065
Proveedor Tecnologico 4,3917280878,Calle 4 # 36-17,proveedor4@correo.com,1963595077
Proveedor Tecnologico 5,3971570004,Calle 5 # 48-8,proveedor5@correo.com,1781255523
Proveedor Tecnologico 6,3712253155,Calle 6 # 28-2,proveedor6@correo.com,6536006319
Proveedor Tecnologico 7,3406792210,Calle 7 # 3-26,proveedor7@correo.com,6341955181
Proveedor Tecnologico 8,3627477276,Calle 8 # 18-30,proveedor8@correo.com,7809815156
Proveedor Tecnologico 9,3712160674,Calle 9 # 11-24,proveedor9@correo.com,3447951438
Proveedor Tecnologico 10,3768048629,Calle 10 # 16-28,proveedor10@correo.com,0890768367
Proveedor Tecnologico 11,3464657199,Calle 11 # 38-6,proveedor11@correo.com,4516208291
Proveedor Tecnologico 12,3177080413,Calle 12 # 49-43,proveedor12@correo.com,0938616320
Proveedor Tecnologico 13,3358605946,Calle 13 # 12-48,proveedor13@correo.com,5309246608
Proveedor Tecnologico 14,3115055646,Calle 14 # 19-8,proveedor14@correo.com,0245201973
Proveedor Tecnologico 15,3569996559,Calle 15 # 30-12,proveedor15@correo.com,5404473597
Proveedor Tecnologico 16,3865764014,Calle 16 # 45-4,proveedor16@correo.com,2608065560
Proveedor Tecnologico 17,3283097936,Calle 17 # 17-6,proveedor17@correo.com,8986482057
Proveedor Tecnologico 18,3922363553,Calle 18 # 36-20,proveedor18@correo.com,9058605858
Proveedor Tecnologico 19,3811057440,Calle 19 # 46-30,proveedor19@correo.com,0058504001
Proveedor Tecnologico 20,3609231603,Calle 20 # 42-3,proveedor20@correo.com,1120051673
Proveedor Tecnologico 21,3080137010,Calle 21 # 38-7,proveedor21@correo.com,5617669113
Proveedor Tecnologico 22,3412073752,Calle 22 # 2-29,proveedor22@correo.com,3045124737
Proveedor Tecnologico 23,3443544726,Calle 23 # 14-17,proveedor23@correo.com,6914162212
Proveedor Tecnologico 24,3406857014,Calle 24 # 37-40,proveedor24@correo.com,0721330139
Proveedor Tecnologico 25,3793442404,Calle 25 # 49-31,proveedor25@correo.com,8677247588
Proveedor Tecnologico 26,3644560295,Calle 26 # 40-8,proveedor26@correo.com,3555860239
Proveedor Tecnologico 27,3126987944,Calle 27 # 39-37,proveedor27@correo.com,5560797468
Proveedor Tecnologico 28,3911226142,Calle 28 # 13-35,proveedor28@correo.com,8321569592
Proveedor Tecnologico 29,3883104326,Calle 29 # 47-6,proveedor29@correo.com,5898424631
Proveedor Tecnologico 30,3753228559,Calle 30 # 13-36,proveedor30@correo.com,6927241763
Proveedor Tecnologico 31,3437780675,Calle 31 # 44-36,proveedor31@correo.com,1242361648
Proveedor Tecnologico 32,3663257402,Calle 32 # 2-39,proveedor32@correo.com,3007504345
Proveedor Tecnologico 33,3294918528,Calle 33 # 50-38,proveedor33@correo.com,5122003887
Proveedor Tecnologico 34,3100800954,Calle 34 # 9-29,proveedor34@correo.com,1085739820
Proveedor Tecnologico 35,3040804764,Calle 35 # 14-37,proveedor35@correo.com,6744504548
Proveedor Tecnologico 36,3454787688,Calle 36 # 49-40,proveedor36@correo.com,6285965915
Proveedor Tecnologico 37,3761147444,Calle 37 # 21-28,proveedor37@correo.com,6626278323
Proveedor Tecnologico 38,3100603454,Calle 38 # 43-15,proveedor38@correo.com,0816226151
Proveedor Tecnologico 39,3523601232,Calle 39 # 20-21,proveedor39@correo.com,8592154050
Proveedor Tecnologico 40,3310010174,Calle 40 # 44-36,proveedor40@correo.com,5157208861
Proveedor Tecnologico 41,3435845894,Calle 41 # 28-48,proveedor41@correo.com,5784773303
Proveedor Tecnologico 42,3921285510,Calle 42 # 49-9,proveedor42@correo.com,9234631365
Proveedor Tecnologico 43,3526689065,Calle 43 # 10-29,proveedor43@correo.com,7955045860
Proveedor Tecnologico 44,3627487471,Calle 44 # 39-29,proveedor44@correo.com,3458583834
Proveedor Tecnologico 45,3846158346,Calle 45 # 11-3,proveedor45@correo.com,6399964569
Proveedor Tecnologico 46,3656004700,Calle 46 # 17-40,proveedor46@correo.com,7681641450
Proveedor Tecnologico 47,3277144053,Calle 47 # 45-27,proveedor47@correo.com,7106927593
Proveedor Tecnologico 48,3654930932,Calle 48 # 34-39,proveedor48@correo.com,0844428465
Proveedor Tecnologico 49,3593898021,Calle 49 # 41-32,proveedor49@correo.com,2781395321
Proveedor Tecnologico 50,3520412552,Calle 50 # 43-5,proveedor50@correo.com,0152308447
Proveedor Tecnologico 51,3085788276,Calle 51 # 41-37,proveedor51@correo.com,7183190848
Proveedor Tecnologico 52,3223129069,Calle 52 # 46-24,proveedor52@correo.com,7511508334
Proveedor Tecnologico 53,3120530657,Calle 53 # 6-15,proveedor53@correo.com,7058058933
Proveedor Tecnologico 54,3766693658,Calle 54 # 46-34,proveedor54@correo.com,1329716731
Proveedor Tecnologico 55,3847229164,Calle 55 # 46-43,proveedor55@correo.com,7196444302
Proveedor Tecnologico 56,3285434383,Calle 56 # 47-34,proveedor56@correo.com,9761165326
Proveedor Tecnologico 57,3913323285,Calle 57 # 14-2,proveedor57@correo.com,9208899463
Proveedor Tecnologico 58,3639985317,Calle 58 # 37-24,proveedor58@correo.com,8018833323
Proveedor Tecnologico 59,3413017377,Calle 59 # 33-49,proveedor59@correo.com,5017937843
Proveedor Tecnologico 60,3739373101,Calle 60 # 11-46,proveedor60@correo.com,9169088562
Proveedor Tecnologico 61,3781262967,Calle 61 # 4-43,proveedor61@correo.com,9374951688
Proveedor Tecnologico 62,3670355383,Calle 62 # 12-42,proveedor62@correo.com,4502836113
Proveedor Tecnologico 63,3403726474,Calle 63 # 2-43,proveedor63@correo.com,9405906216
Proveedor Tecnologico 64,3680743333,Calle 64 # 24-4,proveedor64@correo.com,1754748305
Proveedor Tecnologico 65,3032420522,Calle 65 # 34-38,proveedor65@correo.com,9150527040
Proveedor Tecnologico 66,3486406430,Calle 66 # 25-45,proveedor66@correo.com,4440781486
Proveedor Tecnologico 67,3700043599,Calle 67 # 1-4,proveedor67@correo.com,3102429493
Proveedor Tecnologico 68,3916220097,Calle 68 # 4-4,proveedor68@correo.com,3479910479
Proveedor Tecnologico 69,3900447333,Calle 69 # 30-10,proveedor69@correo.com,6805539043
Proveedor Tecnologico 70,3780598116,Calle 70 # 20-38,proveedor70@correo.com,9961767015
Proveedor Tecnologico 71,3303814047,Calle 71 # 35-45,proveedor71@correo.com,1005832051
Proveedor Tecnologico 72,3260313363,Calle 72 # 37-28,proveedor72@correo.com,7716870658
Proveedor Tecnologico 73,3150331781,Calle 73 # 12-47,proveedor73@correo.com,2855780733
Proveedor Tecnologico 74,3979169119,Calle 74 # 39-19,proveedor74@correo.com,7425427586
Proveedor Tecnologico 75,3318109991,Calle 75 # 15-10,proveedor75@correo.com,6830807951
Proveedor Tecnologico 76,3509140539,Calle 76 # 23-30,proveedor76@correo.com,5899362439
Proveedor Tecnologico 77,3932257597,Calle 77 # 43-27,proveedor77@correo.com,6722759041
Proveedor Tecnologico 78,3316844785,Calle 78 # 8-1,proveedor78@correo.com,5022234078
Proveedor Tecnologico 79,3962900407,Calle 79 # 46-16,proveedor79@correo.com,0757468354
Proveedor Tecnologico 80,3942911485,Calle 80 # 48-43,proveedor80@correo.com,9205642467
Proveedor Tecnologico 81,3825936969,Calle 81 # 23-30,proveedor81@correo.com,1694335729
Proveedor Tecnologico 82,3097030105,Calle 82 # 16-14,proveedor82@correo.com,3702293375
Proveedor Tecnologico 83,3753180232,Calle 83 # 26-45,proveedor83@correo.com,8745163619
Proveedor Tecnologico 84,3834992422,Calle 84 # 1-17,proveedor84@correo.com,4258921502
Proveedor Tecnologico 85,3429686982,Calle 85 # 39-43,proveedor85@correo.com,8114945810
Proveedor Tecnologico 86,3497060200,Calle 86 # 1-34,proveedor86@correo.com,8709616149
Proveedor Tecnologico 87,3247413793,Calle 87 # 48-44,proveedor87@correo.com,9152864298
Proveedor Tecnologico 88,3090097964,Calle 88 # 28-3,proveedor88@correo.com,9035530097
Proveedor Tecnologico 89,3538983900,Calle 89 # 49-7,proveedor89@correo.com,4431037558
Proveedor Tecnologico 90,3029763120,Calle 90 # 3-47,proveedor90@correo.com,9971552814
Proveedor Tecnologico 91,3099105974,Calle 91 # 20-24,proveedor91@correo.com,6089077274
Proveedor Tecnologico 92,3397192153,Calle 92 # 36-6,proveedor92@correo.com,2655795127
Proveedor Tecnologico 93,3014237907,Calle 93 # 35-38,proveedor93@correo.com,6640689640
Proveedor Tecnologico 94,3685484110,Calle 94 # 7-42,proveedor94@correo.com,7411742993
Proveedor Tecnologico 95,3489015130,Calle 95 # 4-42,proveedor95@correo.com,2999621719
Proveedor Tecnologico 96,3133025708,Calle 96 # 16-48,proveedor96@correo.com,5551698400
Proveedor Tecnologico 97,3835634659,Calle 97 # 2-12,proveedor97@correo.com,9697387828
Proveedor Tecnologico 98,3131774403,Calle 98 # 41-23,proveedor98@correo.com,2857399181
Proveedor Tecnologico 99,3016314917,Calle 99 # 28-26,proveedor99@correo.com,9417536373
Proveedor Tecnologico 100,3407378156,Calle 100 # 8-11,proveedor100@correo.com,5739625873
